country_name,year,production_tonnes,is_estimated
United States,2023,0,FALSE
United States,2024,0,TRUE
Austria,2023,500,FALSE
Austria,2024,500,TRUE
Brazil,2023,66300,FALSE
Brazil,2024,68000,TRUE
Canada,2023,5470,FALSE
Canada,2024,20000,TRUE
China,2023,1210000,FALSE
China,2024,1270000,TRUE
Germany,2023,180,FALSE
Germany,2024,170,TRUE
India,2023,25600,FALSE
India,2024,27800,TRUE
North Korea,2023,8100,TRUE
North Korea,2024,8100,TRUE
South Korea,2023,9620,FALSE
South Korea,2024,9620,TRUE
Madagascar,2023,63000,TRUE
Madagascar,2024,89000,TRUE
Mexico,2023,1300,FALSE
Mexico,2024,900,TRUE
Mozambique,2023,98000,TRUE
Mozambique,2024,75000,TRUE
Norway,2023,6480,FALSE
Norway,2024,7000,TRUE
Russia,2023,15000,TRUE
Russia,2024,20000,TRUE
Sri Lanka,2023,3000,FALSE
Sri Lanka,2024,3300,TRUE
Tanzania,2023,13200,TRUE
Tanzania,2024,25000,TRUE
Turkey,2023,2800,FALSE
Turkey,2024,3100,TRUE
Ukraine,2023,1670,FALSE
Ukraine,2024,1200,TRUE
Vietnam,2023,2500,FALSE
Vietnam,2024,2000,TRUE
